Nombre,Liga,Ofensiva,Defensiva,General
River Plate,Argentina Primera Division,1.56,0.98,59.54
Talleres de Córdoba,Argentina Primera Division,1.25,1.17,47.34
Argentinos Juniors,Argentina Primera Division,1.22,1.15,47.01
Boca Juniors,Argentina Primera Division,1.19,1.16,46.18
San Lorenzo,Argentina Primera Division,1,1,45
Estudiantes,Argentina Primera Division,1.15,1.17,44.9
Defensa y Justicia,Argentina Primera Division,1.17,1.24,43.75
Tigre,Argentina Primera Division,1.21,1.29,43.5
Velez Sarsfield,Argentina Primera Division,1.03,1.11,42.9
Racing Club,Argentina Primera Division,1.19,1.38,41.1
Lanus,Argentina Primera Division,1.15,1.36,40.49
Huracán,Argentina Primera Division,0.98,1.23,38.96
Colon Santa Fe,Argentina Primera Division,1.08,1.42,37.66
Rosario Central,Argentina Primera Division,1.08,1.43,37.3
CA Independiente,Argentina Primera Division,0.96,1.3,37.07
Newell's Old Boys,Argentina Primera Division,0.83,1.17,36.15
Banfield,Argentina Primera Division,0.88,1.3,34.79
Sarmiento,Argentina Primera Division,1.02,1.49,34.73
Atlético Tucumán,Argentina Primera Division,0.92,1.39,34.17
Godoy Cruz,Argentina Primera Division,0.95,1.43,34.07
Belgrano Cordoba,Argentina Primera Division,0.93,1.41,33.87
Platense,Argentina Primera Division,0.86,1.33,33.6
Gimnasia La Plata,Argentina Primera Division,0.93,1.44,33.4
Instituto,Argentina Primera Division,1.01,1.55,33.27
Union Santa Fe,Argentina Primera Division,0.89,1.45,31.81
Barracas Central,Argentina Primera Division,0.85,1.48,30.49
Central Córdoba Santiago del Estero,Argentina Primera Division,0.83,1.5,29.54
Arsenal Sarandi,Argentina Primera Division,0.87,1.6,28.58
Melbourne City,Australian A-League,1.39,1.89,35.78
Central Coast Mariners,Australian A-League,1.15,2.12,26.77
Sydney FC,Australian A-League,1.1,2.06,26.57
Western Sydney FC,Australian A-League,0.99,1.95,25.94
Adelaide United,Australian A-League,1.12,2.3,23.51
Melbourne Victory,Australian A-League,0.77,1.9,21.65
Western United,Australian A-League,0.77,2.3,16.55
Wellington Phoenix,Australian A-League,0.79,2.36,16.39
Brisbane Roar,Australian A-League,0.6,2.07,15.7
Newcastle Jets,Australian A-League,0.68,2.28,15.09
Perth Glory,Australian A-League,0.58,2.3,12.88
Macarthur FC,Australian A-League,0.63,2.55,11.67
FC Salzburg,Austrian T-Mobile Bundesliga,2.09,0.81,73.54
SK Sturm Graz,Austrian T-Mobile Bundesliga,1.58,1.11,56.69
LASK Linz,Austrian T-Mobile Bundesliga,1.64,1.34,52.51
FK Austria Vienna,Austrian T-Mobile Bundesliga,1.68,1.53,49.41
Rapid Vienna,Austrian T-Mobile Bundesliga,1.55,1.41,49.22
WSG Swarovski Wattens,Austrian T-Mobile Bundesliga,1.38,1.63,40.69
Wolfsberger AC,Austrian T-Mobile Bundesliga,1.42,1.68,40.5
Austria Lustenau,Austrian T-Mobile Bundesliga,1.21,1.67,35.68
SK Austria Klagenfurt,Austrian T-Mobile Bundesliga,1.27,1.89,33.05
Hartberg,Austrian T-Mobile Bundesliga,1.12,1.79,31.33
SV Ried,Austrian T-Mobile Bundesliga,0.93,1.75,27.68
Cashpoint SC Rheindorf Altach,Austrian T-Mobile Bundesliga,0.87,1.78,25.77
Manchester City,Barclays Premier League,2.93,0.3,92.55
Liverpool,Barclays Premier League,2.63,0.7,83.34
Newcastle,Barclays Premier League,2.37,0.55,83.22
Arsenal,Barclays Premier League,2.61,0.7,83.17
Brighton and Hove Albion,Barclays Premier League,2.46,0.63,82.75
Manchester United,Barclays Premier League,2.24,0.72,77.9
Chelsea,Barclays Premier League,1.96,0.56,77.46
Aston Villa,Barclays Premier League,1.95,0.58,76.82
Brentford,Barclays Premier League,2.05,0.77,73.95
Crystal Palace,Barclays Premier League,1.8,0.65,72.59
Tottenham Hotspur,Barclays Premier League,2.22,0.97,72.16
West Ham United,Barclays Premier League,1.97,0.83,71.11
Fulham,Barclays Premier League,1.76,0.85,67.01
Leicester City,Barclays Premier League,1.92,0.98,66.69
Wolverhampton,Barclays Premier League,1.63,0.9,62.92
AFC Bournemouth,Barclays Premier League,1.75,1.09,60.82
Everton,Barclays Premier League,1.72,1.1,60.1
Leeds United,Barclays Premier League,1.84,1.21,59.94
Southampton,Barclays Premier League,1.61,1.01,59.73
Nottingham Forest,Barclays Premier League,1.58,1.15,55.8
Genk,Belgian Jupiler League,2.11,1.29,63.29
Antwerp,Belgian Jupiler League,1.51,0.89,60.59
Club Brugge,Belgian Jupiler League,1.7,1.13,59.02
KAA Gent,Belgian Jupiler League,1.72,1.16,58.55
Union Saint Gilloise,Belgian Jupiler League,1.81,1.32,56.7
Anderlecht,Belgian Jupiler League,1.46,1.18,52.32
Standard Liege,Belgian Jupiler League,1.5,1.39,48.38
Cercle Brugge,Belgian Jupiler League,1.42,1.35,47.46
KVC Westerlo,Belgian Jupiler League,1.51,1.49,46.4
OH Leuven,Belgian Jupiler League,1.44,1.53,44.15
Sporting de Charleroi,Belgian Jupiler League,1.32,1.54,41.06
St. Truidense,Belgian Jupiler League,1.08,1.26,40.92
KV Mechelen,Belgian Jupiler League,1.45,1.85,37.86
KV Kortrijk,Belgian Jupiler League,1.08,1.8,30.4
SV Zulte Waregem,Belgian Jupiler League,1.35,2.32,27.95
KV Oostende,Belgian Jupiler League,1.02,2.18,23.17
Eupen,Belgian Jupiler League,0.98,2.19,22.18
RFC Seraing,Belgian Jupiler League,0.75,1.98,20.07
Flamengo,Brasileiro Série A,1.96,0.88,69.75
Palmeiras,Brasileiro Série A,1.86,0.82,69.39
Atletico Mineiro,Brasileiro Série A,1.65,0.79,66.09
Fluminense,Brasileiro Série A,1.61,1.08,58.22
São Paulo,Brasileiro Série A,1.52,1.02,57.66
Internacional,Brasileiro Série A,1.5,1,57.66
Corinthians,Brasileiro Série A,1.35,0.99,54.23
Fortaleza,Brasileiro Série A,1.43,1.11,53.25
Vasco da Gama,Brasileiro Série A,1.49,1.21,52.27
Santos,Brasileiro Série A,1.38,1.1,52.11
Atlético Paranaense,Brasileiro Série A,1.38,1.12,51.89
Botafogo,Brasileiro Série A,1.39,1.12,51.86
Bragantino,Brasileiro Série A,1.41,1.25,49.42
América Mineiro,Brasileiro Série A,1.34,1.28,47.05
Bahía,Brasileiro Série A,1.28,1.27,45.94
Grêmio,Brasileiro Série A,1.3,1.33,44.98
Cruzeiro,Brasileiro Série A,1.25,1.28,44.88
Cuiaba,Brasileiro Série A,1.12,1.32,40.62
Goiás,Brasileiro Série A,1.14,1.37,40.02
Coritiba,Brasileiro Série A,1.13,1.39,39.44
Guangzhou Evergrande,Chinese Super League,1.08,1.93,28.19
Beijing Guoan,Chinese Super League,0.98,1.99,24.95
Shanghai SIPG,Chinese Super League,0.9,1.92,24.26
Shandong Luneng,Chinese Super League,0.82,2.22,18.5
Jiangsu Suning FC,Chinese Super League,0.71,2.04,18.37
Tianjin Teda,Chinese Super League,0.5,2.26,11.8
Shanghai Greenland,Chinese Super League,0.56,2.47,11.13
Hebei China Fortune FC,Chinese Super League,0.5,2.43,10.52
Henan Jianye,Chinese Super League,0.46,2.36,10.34
Dalian Aerbin,Chinese Super League,0.51,2.51,9.96
Guangzhou RF,Chinese Super League,0.66,2.86,9.74
Wuhan Zall,Chinese Super League,0.39,2.32,9.4
Tianjin Quanujian,Chinese Super League,0.37,2.51,7.83
Shenzhen FC,Chinese Super League,0.4,2.6,7.73
Chongqing Lifan,Chinese Super League,0.3,2.35,7.66
Guizhou Renhe,Chinese Super League,0.2,2.61,4.86
FC Copenhagen,Danish SAS-Ligaen,1.58,1.05,58.1
FC Midtjylland,Danish SAS-Ligaen,1.53,1.21,53.28
Viborg,Danish SAS-Ligaen,1.33,1.31,46.04
FC Nordsjaelland,Danish SAS-Ligaen,1.29,1.36,44.09
AGF Aarhus,Danish SAS-Ligaen,0.97,1.1,41.7
Randers FC,Danish SAS-Ligaen,1.26,1.46,41.31
Silkeborg,Danish SAS-Ligaen,1.41,1.73,39.21
Brondby,Danish SAS-Ligaen,1.28,1.58,39.2
Odense BK,Danish SAS-Ligaen,1.25,1.72,35.76
AaB,Danish SAS-Ligaen,1.06,1.59,33.59
Lyngby,Danish SAS-Ligaen,0.91,1.61,29.43
AC Horsens,Danish SAS-Ligaen,1.01,1.94,26.28
Ajax,Dutch Eredivisie,2.57,1.04,75.96
Feyenoord,Dutch Eredivisie,2.31,0.9,75.13
PSV,Dutch Eredivisie,2.37,1.03,73.42
FC Twente,Dutch Eredivisie,2,0.98,68.43
AZ,Dutch Eredivisie,1.88,1.03,64.92
Vitesse,Dutch Eredivisie,1.61,1.11,57.31
FC Utrecht,Dutch Eredivisie,1.71,1.27,55.69
Sparta,Dutch Eredivisie,1.67,1.26,55.1
NEC,Dutch Eredivisie,1.56,1.28,52.12
Heerenveen,Dutch Eredivisie,1.64,1.45,50.27
Go Ahead Eagles,Dutch Eredivisie,1.61,1.46,49.49
RKC,Dutch Eredivisie,1.58,1.6,45.67
FC Groningen,Dutch Eredivisie,1.31,1.53,41.08
FC Volendam,Dutch Eredivisie,1.44,1.68,40.79
Fortuna Sittard,Dutch Eredivisie,1.4,1.66,40.36
Emmen,Dutch Eredivisie,1.27,1.57,39.13
Excelsior,Dutch Eredivisie,1.19,1.82,32.53
Cambuur Leeuwarden,Dutch Eredivisie,1.22,1.86,32.47
Burnley,English League Champions,1.49,0.84,61.36
Middlesbrough,English League Champions,1.71,1.21,57.05
Luton Town,English League Champions,1.4,0.97,56.09
Sheffield United,English League Champions,1.44,1.05,54.97
Swansea City,English League Champions,1.46,1.19,52.01
Coventry City,English League Champions,1.34,1.15,50.13
Millwall,English League Champions,1.3,1.12,49.69
Stoke City,English League Champions,1.27,1.14,48.63
West Bromwich Albion,English League Champions,1.33,1.22,48.31
Norwich City,English League Champions,1.24,1.24,45.49
Sunderland,English League Champions,1.34,1.36,45.34
Watford,English League Champions,1.26,1.31,44.51
Bristol City,English League Champions,1.16,1.24,43.3
Blackburn,English League Champions,1.05,1.2,41.56
Preston North End,English League Champions,1.15,1.38,39.99
Cardiff City,English League Champions,1.06,1.37,38.12
Birmingham,English League Champions,1.04,1.35,38.07
Hull City,English League Champions,1.05,1.37,37.63
Wigan,English League Champions,0.95,1.35,35.55
Queens Park Rangers,English League Champions,1.04,1.53,34.31
Huddersfield Town,English League Champions,0.97,1.45,34.14
Rotherham United,English League Champions,0.98,1.52,32.91
Blackpool,English League Champions,1.06,1.71,31.51
Reading,English League Champions,0.93,1.59,30.57
Ipswich Town,English League One,1.62,1.26,54.22
Barnsley,English League One,1.39,1.66,40.18
Sheffield Wednesday,English League One,1.17,1.52,37.69
Bolton,English League One,0.84,1.38,32.13
Derby County,English League One,0.99,1.62,31.41
Plymouth Argyle,English League One,0.99,1.65,30.68
Peterborough United,English League One,0.98,1.74,29.13
Portsmouth,English League One,0.79,1.53,27.95
Charlton Athletic,English League One,0.96,1.92,25.67
Wycombe Wanderers,English League One,0.74,1.69,23.85
Lincoln City,English League One,0.62,1.61,22.15
Fleetwood Town,English League One,0.69,1.75,21.72
Exeter City,English League One,0.81,1.95,21.66
Oxford United,English League One,0.65,1.71,21.48
Shrewsbury Town,English League One,0.67,1.88,19.6
Burton Albion,English League One,0.78,2.07,19.54
Milton Keynes Dons,English League One,0.62,1.91,18.13
Cheltenham Town,English League One,0.65,1.97,18.04
Bristol Rovers,English League One,0.59,2.02,16.04
Port Vale,English League One,0.61,2.12,15.35
Morecambe,English League One,0.55,2.21,13.26
Cambridge United,English League One,0.39,2.01,11.93
Accrington Stanley,English League One,0.34,2.3,8.72
Forest Green Rovers,English League One,0.2,2.36,6
Salford City,English League Two,0.88,2.21,19.84
Stockport County,English League Two,0.59,1.73,19.66
Mansfield Town,English League Two,0.67,2.13,16.59
Bradford City,English League Two,0.51,1.96,15.03
Swindon Town,English League Two,0.55,2.18,13.5
Leyton Orient,English League Two,0.38,1.85,13.34
Carlisle United,English League Two,0.4,1.89,13.33
Newport County,English League Two,0.47,2.08,12.98
Northampton Town,English League Two,0.35,1.91,12.02
Stevenage,English League Two,0.36,1.94,11.96
Colchester United,English League Two,0.32,1.88,11.58
Harrogate Town,English League Two,0.56,2.45,11.29
Gillingham,English League Two,0.28,1.99,9.76
Crewe Alexandra,English League Two,0.33,2.23,8.94
Rochdale,English League Two,0.37,2.42,8.39
Grimsby Town,English League Two,0.27,2.2,8.11
Tranmere Rovers,English League Two,0.2,2.02,8.03
Barrow,English League Two,0.2,2.06,7.76
AFC Wimbledon,English League Two,0.28,2.31,7.52
Walsall,English League Two,0.2,2.1,7.5
Hartlepool,English League Two,0.36,2.6,7.06
Sutton United,English League Two,0.23,2.27,6.93
Doncaster Rovers,English League Two,0.2,2.31,6.28
Crawley Town,English League Two,0.2,2.4,5.82
Paris Saint-Germain,French Ligue 1,2.55,0.89,78.59
Lille,French Ligue 1,2.12,0.7,76.7
Marseille,French Ligue 1,2.09,0.78,74.36
Lyon,French Ligue 1,2.04,0.81,73.02
Lens,French Ligue 1,1.86,0.7,72.39
Stade Rennes,French Ligue 1,1.91,0.82,70.21
AS Monaco,French Ligue 1,2.05,1.1,66.45
Nice,French Ligue 1,1.64,0.78,66.27
Reims,French Ligue 1,1.7,0.87,65.22
Strasbourg,French Ligue 1,1.78,1.04,62.63
Montpellier,French Ligue 1,1.63,1.05,59.15
Toulouse,French Ligue 1,1.67,1.11,58.73
Clermont Foot,French Ligue 1,1.5,0.96,58.69
Lorient,French Ligue 1,1.51,1.08,55.8
Nantes,French Ligue 1,1.46,1.14,53.16
Brest,French Ligue 1,1.43,1.12,53.02
Auxerre,French Ligue 1,1.33,1.16,49.7
Angers,French Ligue 1,1.35,1.33,46.16
AC Ajaccio,French Ligue 1,1.16,1.16,45.27
Troyes,French Ligue 1,1.38,1.62,40.71
Metz,French Ligue 2,1.32,1.14,50.01
Bordeaux,French Ligue 2,1.22,1.2,45.8
St Etienne,French Ligue 2,1.43,1.5,44.41
Le Havre,French Ligue 2,0.88,0.99,41.9
Sochaux,French Ligue 2,1.18,1.43,40.03
Caen,French Ligue 2,1.14,1.45,38.4
Paris FC,French Ligue 2,1.11,1.48,37.05
Bastia,French Ligue 2,0.98,1.32,36.91
Guingamp,French Ligue 2,1.07,1.52,35.13
Grenoble,French Ligue 2,0.71,1.21,31.83
US Quevilly,French Ligue 2,0.83,1.41,31.39
Dijon FCO,French Ligue 2,0.84,1.49,29.8
Rodez,French Ligue 2,0.77,1.41,29.59
Pau,French Ligue 2,0.78,1.5,28.09
Amiens,French Ligue 2,0.81,1.55,27.92
Valenciennes,French Ligue 2,0.85,1.66,27.05
Nimes,French Ligue 2,0.91,1.77,26.85
Laval,French Ligue 2,0.78,1.81,23.14
Annecy,French Ligue 2,0.81,1.85,23.04
Niort,French Ligue 2,0.65,1.85,19.43
FC St. Pauli,German 2. Bundesliga,1.27,1.45,41.79
SC Paderborn,German 2. Bundesliga,1.38,1.64,40.38
Hamburg SV,German 2. Bundesliga,1.49,1.78,40.1
Karlsruher SC,German 2. Bundesliga,1.43,1.72,39.89
SV Darmstadt 98,German 2. Bundesliga,1.19,1.48,39.13
Fortuna Düsseldorf,German 2. Bundesliga,1.28,1.59,38.98
1. FC Heidenheim 1846,German 2. Bundesliga,1.19,1.5,38.55
SpVgg Greuther Fürth,German 2. Bundesliga,1.07,1.59,34.08
Holstein Kiel,German 2. Bundesliga,1.29,1.96,32.28
1. FC Kaiserslautern,German 2. Bundesliga,0.97,1.59,31.48
Arminia Bielefeld,German 2. Bundesliga,1.16,1.85,31.38
Hannover 96,German 2. Bundesliga,1.03,1.96,26.7
1. FC Magdeburg,German 2. Bundesliga,0.99,1.96,25.67
Jahn Regensburg,German 2. Bundesliga,0.83,1.77,24.99
1. FC Nürnberg,German 2. Bundesliga,0.75,1.68,24.3
Eintracht Braunschweig,German 2. Bundesliga,0.84,1.94,22.75
Hansa Rostock,German 2. Bundesliga,0.75,1.8,22.56
SV Sandhausen,German 2. Bundesliga,0.75,2.04,19.17
Bayern Munich,German Bundesliga,3.09,0.62,88.94
Borussia Dortmund,German Bundesliga,2.55,0.85,79.41
RB Leipzig,German Bundesliga,2.24,0.71,78.29
Bayer Leverkusen,German Bundesliga,2.09,0.71,76.03
VfL Wolfsburg,German Bundesliga,2.15,0.84,74.01
Mainz,German Bundesliga,2.14,0.92,72.07
FC Cologne,German Bundesliga,1.91,0.81,70.57
Eintracht Frankfurt,German Bundesliga,1.96,0.88,69.92
SC Freiburg,German Bundesliga,1.91,0.94,67.42
VfB Stuttgart,German Bundesliga,1.95,0.99,67.08
Borussia Monchengladbach,German Bundesliga,2,1.05,66.7
1. FC Union Berlin,German Bundesliga,1.66,0.79,66.25
TSG Hoffenheim,German Bundesliga,1.92,1.07,64.7
Werder Bremen,German Bundesliga,1.94,1.17,62.77
Schalke 04,German Bundesliga,1.76,1.1,60.76
FC Augsburg,German Bundesliga,1.81,1.21,59.09
Hertha Berlin,German Bundesliga,1.66,1.21,56.11
VfL Bochum,German Bundesliga,1.82,1.4,55.14
Olympiacos,Greek Super League,1.71,1.04,61.17
AEK Athens,Greek Super League,1.51,0.96,58.64
PAOK Salonika,Greek Super League,1.46,1.23,50.98
Panathinaikos,Greek Super League,1.02,0.86,48.86
Aris Salonika,Greek Super League,1.39,1.33,47.14
OFI Crete,Greek Super League,0.87,1.63,28.22
Atromitos,Greek Super League,0.69,1.52,25.43
Asteras Tripolis,Greek Super League,0.53,1.42,22.69
Volos NFC,Greek Super League,0.77,1.84,22.54
Giannina,Greek Super League,0.66,1.68,22.09
Panetolikos,Greek Super League,0.72,1.92,20.02
Ionikos FC,Greek Super League,0.53,1.69,18.71
Levadiakos,Greek Super League,0.55,1.75,18.48
Lamia,Greek Super League,0.43,1.82,14.76
Napoli,Italy Serie A,2.27,0.51,82.82
Internazionale,Italy Serie A,2.43,0.74,80.1
AS Roma,Italy Serie A,1.93,0.63,75.22
AC Milan,Italy Serie A,2.1,0.8,73.99
Fiorentina,Italy Serie A,2.06,0.84,72.39
Juventus,Italy Serie A,1.95,0.78,71.94
Atalanta,Italy Serie A,2.05,0.93,70.28
Lazio,Italy Serie A,1.71,0.81,66.96
Torino,Italy Serie A,1.63,0.78,66.15
Sassuolo,Italy Serie A,1.85,1.08,63.14
Udinese,Italy Serie A,1.76,1.03,62.45
Bologna,Italy Serie A,1.7,1.03,61.25
Lecce,Italy Serie A,1.47,0.89,59.6
Monza,Italy Serie A,1.66,1.06,59.57
Verona,Italy Serie A,1.42,1.15,52.03
Empoli,Italy Serie A,1.49,1.26,51.21
Cremonese,Italy Serie A,1.51,1.37,48.89
Salernitana,Italy Serie A,1.48,1.36,48.75
Spezia,Italy Serie A,1.47,1.39,47.73
Sampdoria,Italy Serie A,1.38,1.46,44.09
Frosinone,Italy Serie B,1.17,1.11,46.81
Cagliari,Italy Serie B,1.23,1.18,46.75
Genoa,Italy Serie B,1.07,1,46.67
Bari,Italy Serie B,1.14,1.32,41.16
Parma,Italy Serie B,1.1,1.34,39.86
F.B.C Unione Venezia,Italy Serie B,1.2,1.47,39.35
Pisa,Italy Serie B,0.94,1.34,35.48
Como,Italy Serie B,1.06,1.53,34.69
Sudtirol,Italy Serie B,0.75,1.19,33.49
Palermo,Italy Serie B,1.01,1.63,31.86
Ascoli,Italy Serie B,0.85,1.5,30.05
Reggina,Italy Serie B,0.89,1.65,28.4
Modena,Italy Serie B,0.88,1.66,27.99
Ternana,Italy Serie B,0.85,1.64,27.5
Spal,Italy Serie B,0.83,1.66,26.74
Perugia,Italy Serie B,0.76,1.57,26.3
Cittadella,Italy Serie B,0.66,1.45,25.76
Benevento,Italy Serie B,0.69,1.53,25.46
Brescia,Italy Serie B,0.79,1.71,24.79
Cosenza,Italy Serie B,0.57,1.66,20.27
Yokohama F. Marinos,Japanese J League,1.65,1.38,51.86
Vissel Kobe,Japanese J League,1.48,1.27,50.66
Urawa Red Diamonds,Japanese J League,1.36,1.23,48.63
Kawasaki Frontale,Japanese J League,1.5,1.48,46.36
Kashima Antlers,Japanese J League,1.23,1.42,41.23
Sanfrecce Hiroshima,Japanese J League,1.19,1.38,41.14
Nagoya Grampus Eight,Japanese J League,1.04,1.26,39.85
Cerezo Osaka,Japanese J League,1.07,1.46,36.47
FC Tokyo,Japanese J League,1.09,1.56,35.1
Consadole Sapporo,Japanese J League,1.33,1.92,33.84
Avispa Fukuoka,Japanese J League,0.87,1.55,29.65
Shonan Bellmare,Japanese J League,0.9,1.67,28.42
Kyoto Purple Sanga,Japanese J League,0.83,1.58,28.11
Sagan Tosu,Japanese J League,0.87,1.64,28.1
Kashiwa Reysol,Japanese J League,0.84,1.68,26.7
Albirex Niigata,Japanese J League,0.83,1.81,24.45
Gamba Osaka,Japanese J League,0.82,1.86,23.32
Yokohama FC,Japanese J League,0.69,2.12,17.08
Los Angeles FC,Major League Soccer,1.73,1.2,57.77
Philadelphia Union,Major League Soccer,1.64,1.34,52.68
Atlanta United FC,Major League Soccer,1.57,1.44,48.91
New York City FC,Major League Soccer,1.44,1.32,48.78
Seattle Sounders FC,Major League Soccer,1.38,1.31,47.38
FC Cincinnati,Major League Soccer,1.52,1.52,45.98
New York Red Bulls,Major League Soccer,1.18,1.18,45.42
Los Angeles Galaxy,Major League Soccer,1.48,1.58,43.95
Columbus Crew,Major League Soccer,1.34,1.45,43.22
Vancouver Whitecaps,Major League Soccer,1.33,1.45,43.04
FC Dallas,Major League Soccer,1.25,1.39,42.6
Nashville SC,Major League Soccer,1.17,1.32,41.93
Toronto FC,Major League Soccer,1.35,1.54,41.66
New England Revolution,Major League Soccer,1.34,1.54,41.28
Portland Timbers,Major League Soccer,1.36,1.68,39.23
Orlando City SC,Major League Soccer,1.24,1.55,38.91
Chicago Fire,Major League Soccer,1.27,1.6,38.53
Minnesota United FC,Major League Soccer,1.23,1.55,38.48
San Jose Earthquakes,Major League Soccer,1.32,1.67,38.4
Austin FC,Major League Soccer,1.28,1.64,37.84
Colorado Rapids,Major League Soccer,1.18,1.55,37.39
Montreal Impact,Major League Soccer,1.19,1.58,37.1
Sporting Kansas City,Major League Soccer,1.02,1.44,35.67
DC United,Major League Soccer,1.16,1.63,35.31
Inter Miami CF,Major League Soccer,1.15,1.63,35.17
Houston Dynamo,Major League Soccer,1.14,1.67,34.06
Charlotte FC,Major League Soccer,1.17,1.72,33.79
Real Salt Lake,Major League Soccer,1.07,1.71,31.75
St. Louis CITY SC,Major League Soccer,1.02,1.77,29.42
Monterrey,Mexican Primera Division,1.75,0.93,64.69
Club América,Mexican Primera Division,1.84,1.09,62.55
Tigres UANL,Mexican Primera Division,1.45,1.01,56.16
Pachuca,Mexican Primera Division,1.59,1.17,55.43
Toluca,Mexican Primera Division,1.61,1.32,52.48
Guadalajara,Mexican Primera Division,1.47,1.19,52.22
León,Mexican Primera Division,1.35,1.07,52.16
Cruz Azul,Mexican Primera Division,1.33,1.13,50.33
Atlas,Mexican Primera Division,1.41,1.22,50.17
Santos Laguna,Mexican Primera Division,1.53,1.45,47.63
Puebla,Mexican Primera Division,1.32,1.52,41.4
Pumas Unam,Mexican Primera Division,1.25,1.47,40.73
Atlético San Luis,Mexican Primera Division,1.15,1.41,39.48
Necaxa,Mexican Primera Division,1.05,1.32,39.03
Tijuana,Mexican Primera Division,1.18,1.5,38.27
FC Juárez,Mexican Primera Division,1.02,1.36,37.41
Querétaro,Mexican Primera Division,0.98,1.39,35.65
Mazatlán FC,Mexican Primera Division,1.12,1.66,33.88
Bodo/Glimt,Norwegian Tippeligaen,2.01,1.31,61.04
Molde,Norwegian Tippeligaen,1.71,1.43,52.13
Rosenborg,Norwegian Tippeligaen,1.51,1.6,44.33
Lillestrom,Norwegian Tippeligaen,1.34,1.71,38.18
SK Brann,Norwegian Tippeligaen,1.16,1.63,35.25
Viking FK,Norwegian Tippeligaen,1.38,1.91,35.23
Valerenga,Norwegian Tippeligaen,1.25,1.82,33.99
Odd BK,Norwegian Tippeligaen,0.97,1.56,32.15
Sarpsborg,Norwegian Tippeligaen,1.07,1.73,31.31
Tromso,Norwegian Tippeligaen,0.94,1.66,29.47
Stabaek,Norwegian Tippeligaen,0.92,1.77,27.14
Stromsgodset,Norwegian Tippeligaen,0.98,2.01,24.77
Haugesund,Norwegian Tippeligaen,0.89,1.91,24.12
Hamarkamaratene,Norwegian Tippeligaen,0.87,1.97,22.93
Sandefjord,Norwegian Tippeligaen,0.88,2.08,21.58
Aalesund,Norwegian Tippeligaen,0.66,1.89,19.22
Benfica,Portuguese Liga,2.32,0.72,79.15
Sporting CP,Portuguese Liga,2.03,0.69,75.45
FC Porto,Portuguese Liga,2.02,0.69,75.33
Braga,Portuguese Liga,1.77,0.96,64.33
Vizela,Portuguese Liga,1.36,1.06,52.88
Famalicao,Portuguese Liga,1.41,1.16,51.64
Gil Vicente,Portuguese Liga,1.35,1.13,50.86
Guimaraes,Portuguese Liga,1.22,1.02,50.4
Chaves,Portuguese Liga,1.37,1.23,49.05
Rio Ave,Portuguese Liga,1.24,1.1,48.86
FC Arouca,Portuguese Liga,1.19,1.11,47.5
Boavista,Portuguese Liga,1.31,1.24,47.14
Casa Pia,Portuguese Liga,1.17,1.18,45.21
Portimonense,Portuguese Liga,1.23,1.27,44.67
Maritimo,Portuguese Liga,1.24,1.43,41.34
Estoril Praia,Portuguese Liga,1.12,1.33,40.65
Pacos Ferreira,Portuguese Liga,1.12,1.36,39.85
Santa Clara,Portuguese Liga,1.04,1.37,37.73
Zenit St Petersburg,Russian Premier Liga,2.08,0.7,76.02
CSKA Moscow,Russian Premier Liga,1.54,0.99,58.55
Spartak Moscow,Russian Premier Liga,1.68,1.3,54.49
FC Krasnodar,Russian Premier Liga,1.67,1.41,51.89
Dinamo Moscow,Russian Premier Liga,1.51,1.35,49.74
Lokomotiv Moscow,Russian Premier Liga,1.52,1.36,49.68
Rostov,Russian Premier Liga,1.47,1.32,49.31
Terek Grozny,Russian Premier Liga,1.24,1.21,46.24
Gazovik Orenburg,Russian Premier Liga,1.46,1.54,44.22
Sochi,Russian Premier Liga,1.27,1.43,42.08
Ural Sverdlovsk Oblast,Russian Premier Liga,0.99,1.35,36.54
Krylia Sovetov,Russian Premier Liga,0.99,1.4,35.64
Fakel Voronezh,Russian Premier Liga,1.03,1.62,32.47
FK Nizhny Novgorod,Russian Premier Liga,0.92,1.56,30.73
FC Khimki,Russian Premier Liga,0.96,1.83,26.95
Torpedo Moskow,Russian Premier Liga,0.79,1.63,26.33
Celtic,Scottish Premiership,2.53,1.02,75.85
Rangers,Scottish Premiership,2.17,1.13,67.83
Hearts,Scottish Premiership,1.43,1.54,43.75
Hibernian,Scottish Premiership,1.28,1.49,40.99
Aberdeen,Scottish Premiership,1.26,1.47,40.98
Motherwell,Scottish Premiership,1.2,1.54,38.09
St Mirren,Scottish Premiership,0.99,1.47,34.27
Dundee Utd,Scottish Premiership,0.94,1.6,30.39
Livingston,Scottish Premiership,0.91,1.63,29.19
St Johnstone,Scottish Premiership,0.83,1.64,26.9
Kilmarnock,Scottish Premiership,0.86,1.71,26.51
Ross County,Scottish Premiership,0.82,1.67,26.16
Mamelodi Sundowns,South African League,1.05,1.26,40.2
Orlando Pirates,South African League,0.68,1.53,24.93
SuperSport United,South African League,0.51,1.56,20.04
Stellenbosch FC,South African League,0.65,1.83,19.77
Black Aces,South African League,0.55,1.72,18.99
Kaizer Chiefs,South African League,0.53,1.78,17.5
AmaZulu,South African League,0.47,1.73,16.93
Royal AM,South African League,0.54,2.12,14.04
TS Galaxy,South African League,0.29,1.6,13.89
Golden Arrows,South African League,0.47,2.08,13
Tshakhuma Tsha Madzivhandila,South African League,0.32,1.85,12.05
Sekhukhune United,South African League,0.2,1.67,10.92
Chippa United,South African League,0.33,2.09,10.12
Moroka Swallows,South African League,0.21,1.86,9.48
Maritzburg Utd,South African League,0.24,2.05,8.63
Richards Bay,South African League,0.2,1.97,8.39
Barcelona,Spanish Primera Division,2.35,0.31,87.8
Real Madrid,Spanish Primera Division,2.7,0.6,85.81
Atletico Madrid,Spanish Primera Division,2.29,0.54,82.55
Athletic Bilbao,Spanish Primera Division,1.81,0.57,74.74
Real Sociedad,Spanish Primera Division,1.73,0.55,73.98
Villarreal,Spanish Primera Division,2.08,0.85,72.46
Celta Vigo,Spanish Primera Division,1.82,0.73,70.97
Sevilla FC,Spanish Primera Division,1.85,0.77,70.36
Girona FC,Spanish Primera Division,1.93,0.88,69.27
Valencia,Spanish Primera Division,1.67,0.82,65.89
Real Betis,Spanish Primera Division,1.74,0.87,65.87
Osasuna,Spanish Primera Division,1.58,0.79,64.73
Rayo Vallecano,Spanish Primera Division,1.66,0.87,64.38
Mallorca,Spanish Primera Division,1.59,0.83,63.86
Getafe,Spanish Primera Division,1.53,0.79,63.69
Espanyol,Spanish Primera Division,1.66,1.13,58
Cadiz,Spanish Primera Division,1.49,1.06,55.79
Elche,Spanish Primera Division,1.57,1.14,55.71
Almeria,Spanish Primera Division,1.71,1.3,55.07
Real Valladolid,Spanish Primera Division,1.59,1.25,53.48
Tenerife,Spanish Segunda Division,0.95,1.04,42.34
Levante,Spanish Segunda Division,1.01,1.14,41.63
Alavés,Spanish Segunda Division,0.91,1.15,38.71
Granada,Spanish Segunda Division,0.95,1.21,38.71
FC Andorra,Spanish Segunda Division,0.91,1.17,38.3
Real Zaragoza,Spanish Segunda Division,0.91,1.19,37.79
Las Palmas,Spanish Segunda Division,0.91,1.24,36.87
Albacete,Spanish Segunda Division,1.09,1.47,36.83
Eibar,Spanish Segunda Division,0.83,1.21,35.13
FC Cartagena,Spanish Segunda Division,0.92,1.42,33.44
Real Oviedo,Spanish Segunda Division,0.77,1.22,33.42
Sporting Gijón,Spanish Segunda Division,0.84,1.32,33.27
Mirandes,Spanish Segunda Division,0.9,1.51,31.09
Leganes,Spanish Segunda Division,0.74,1.3,31
Racing Santander,Spanish Segunda Division,0.82,1.43,30.72
Málaga,Spanish Segunda Division,0.77,1.35,30.64
Villarreal B,Spanish Segunda Division,0.86,1.51,30.21
SD Huesca,Spanish Segunda Division,0.73,1.32,30.1
Burgos,Spanish Segunda Division,0.72,1.38,28.69
SD Ponferradina,Spanish Segunda Division,0.73,1.56,25.88
UD Ibiza,Spanish Segunda Division,0.78,1.66,25.47
Lugo,Spanish Segunda Division,0.55,1.62,20.16
Malmo FF,Swedish Allsvenskan,1.55,1.42,48.85
BK Hacken,Swedish Allsvenskan,1.7,1.73,45.69
IF Elfsborg,Swedish Allsvenskan,1.36,1.54,41.94
Hammarby,Swedish Allsvenskan,1.31,1.71,37.31
Djurgardens IF,Swedish Allsvenskan,1.09,1.61,34.04
Kalmar FF,Swedish Allsvenskan,0.96,1.54,32.13
IFK Norrkoping,Swedish Allsvenskan,1.07,1.75,31.14
AIK,Swedish Allsvenskan,0.88,1.61,28.68
IFK Goteborg,Swedish Allsvenskan,0.92,1.76,27.16
Mjallby,Swedish Allsvenskan,0.64,1.68,21.67
IK Sirius,Swedish Allsvenskan,0.68,1.86,20.06
Degerfors IF,Swedish Allsvenskan,0.71,2.15,17.12
IFK Värnamo,Swedish Allsvenskan,0.58,1.92,17.04
Brommapojkarna,Swedish Allsvenskan,0.6,2,16.58
Halmstads BK,Swedish Allsvenskan,0.61,2.18,14.82
Varbergs BoIS FC,Swedish Allsvenskan,0.53,2.15,13.45
Young Boys,Swiss Raiffeisen League,2.27,1.26,66.8
Basel,Swiss Raiffeisen League,1.35,1.37,45.28
FC Lugano,Swiss Raiffeisen League,1.34,1.51,42.17
FC Luzern,Swiss Raiffeisen League,1.43,1.67,40.95
St Gallen,Swiss Raiffeisen League,1.51,1.77,40.72
FC Zurich,Swiss Raiffeisen League,1.25,1.68,36.52
Grasshoppers Zürich,Swiss Raiffeisen League,1.38,1.9,35.48
Servette,Swiss Raiffeisen League,1.18,1.66,35.22
FC Vaduz,Swiss Raiffeisen League,0.96,1.63,30.56
FC Sion,Swiss Raiffeisen League,1.16,2.04,28.07
Winterthur,Swiss Raiffeisen League,0.87,1.94,23.19
Fenerbahce,Turkish Turkcell Super Lig,2.11,1.25,64.31
Galatasaray,Turkish Turkcell Super Lig,1.94,1.14,63.5
Besiktas,Turkish Turkcell Super Lig,1.8,1.04,63
Adana Demirspor,Turkish Turkcell Super Lig,1.79,1.22,58.45
Trabzonspor,Turkish Turkcell Super Lig,1.58,1.42,49.63
Fatih Karagümrük,Turkish Turkcell Super Lig,1.81,1.66,49.32
Istanbul Basaksehir,Turkish Turkcell Super Lig,1.29,1.21,47.66
Konyaspor,Turkish Turkcell Super Lig,1.34,1.26,47.58
Sivasspor,Turkish Turkcell Super Lig,1.36,1.47,43.46
Kayserispor,Turkish Turkcell Super Lig,1.52,1.71,42.06
Antalyaspor,Turkish Turkcell Super Lig,1.3,1.52,40.74
Alanyaspor,Turkish Turkcell Super Lig,1.42,1.71,39.8
Kasimpasa,Turkish Turkcell Super Lig,1.26,1.57,39.07
Ankaragucu,Turkish Turkcell Super Lig,1.09,1.49,36.29
Istanbulspor,Turkish Turkcell Super Lig,1.15,1.8,32.08
Umraniyespor,Turkish Turkcell Super Lig,1.12,1.76,32.07
Gazisehir Gaziantep,Turkish Turkcell Super Lig,0.92,1.81,26.46
Giresunspor,Turkish Turkcell Super Lig,0.95,1.85,26.38
Hatayspor,Turkish Turkcell Super Lig,0.75,2.1,18.49
Dinamo Zagreb,UEFA Champions League,1.8,1.09,61.85
Viktoria Plzen,UEFA Champions League,1.82,1.41,54.85
Maccabi Haifa,UEFA Champions League,1.69,1.54,49.35
Slavia Prague,UEFA Europa League,1.83,1.06,63.09
Slovácko,UEFA Europa League,1.77,1.21,58.54
SC Dnipro-1,UEFA Europa League,1.55,1.28,52.11
Lech Poznan,UEFA Europa League,1.42,1.15,52.07
Steaua Bucuresti,UEFA Europa League,1.5,1.24,51.89
FK Partizan Belgrade,UEFA Europa League,1.41,1.17,51.22
Hapoel Be'er,UEFA Europa League,1.49,1.34,49.22
Apollon Limassol,UEFA Europa League,1.21,1.24,44.74
CFR 1907 Cluj,UEFA Europa League,1.22,1.33,42.98
Slovan Bratislava,UEFA Europa League,1.12,1.44,38.09
Ballkani,UEFA Europa League,1.2,1.76,33.76
Rigas Futbola Skola,UEFA Europa League,1.16,1.8,32.23
Zalgiris Vilnius,UEFA Europa League,1.1,1.79,30.99
Pyunik Yerevan,UEFA Europa League,0.87,1.9,23.79
Shamrock Rovers,UEFA Europa League,0.69,1.84,20.63
Red Star Belgrade,UEFA Europa League,1.75,1.19,58.52
Shakhtar Donetsk,UEFA Europa League,1.77,1.24,57.61
Ferencvaros,UEFA Europa League,1.61,1.22,54.55
Dynamo Kiev,UEFA Europa League,1.51,1.19,53.06
FC Sheriff Tiraspol,UEFA Europa League,1.51,1.27,51.36
FK Qarabag,UEFA Europa League,1.41,1.25,49.41
AEK Larnaca,UEFA Europa League,1.16,1.18,44.76
Ludogorets,UEFA Europa League,1.3,1.49,41.66
Omonia Nicosia,UEFA Europa League,1.25,1.57,38.72
HJK Helsinki,UEFA Europa League,0.94,1.71,28.47
Louisville City FC,United Soccer League,0.88,1.78,26.05
San Diego Loyal SC,United Soccer League,0.93,1.96,24.4
San Antonio FC,United Soccer League,0.76,1.7,24.32
Arizona United,United Soccer League,0.93,1.99,23.98
Sacramento Republic FC,United Soccer League,0.79,1.79,23.55
Colorado Springs Switchbacks FC,United Soccer League,0.77,1.9,21.48
Tampa Bay Rowdies,United Soccer League,0.71,1.87,20.62
Orange County SC,United Soccer League,0.73,2.02,19.13
Memphis 901 FC,United Soccer League,0.77,2.09,19.02
Birmingham Legion FC,United Soccer League,0.77,2.1,18.95
New Mexico United,United Soccer League,0.71,2.01,18.62
El Paso Locomotive FC,United Soccer League,0.69,2.13,16.89
Oakland Roots,United Soccer League,0.59,2.06,15.51
Miami FC,United Soccer League,0.53,1.95,15.43
Pittsburgh Riverhounds,United Soccer League,0.48,1.89,15.05
Charleston Battery,United Soccer League,0.57,2.17,14.11
Hartford Athletic,United Soccer League,0.64,2.41,13.04
Monterey Bay,United Soccer League,0.44,2.23,11.05
Rio Grande Valley FC Toros,United Soccer League,0.37,2.1,10.8
Indy Eleven,United Soccer League,0.41,2.22,10.53
Tulsa Roughnecks,United Soccer League,0.45,2.34,10.33
Detroit City FC,United Soccer League,0.29,2.03,9.78
Las Vegas Lights FC,United Soccer League,0.36,2.26,9.36
Loudoun United FC,United Soccer League,0.4,2.37,9.12